{
  "timestamp": "2026-01-19T17:17:23.414408",
  "total_interactions": 15,
  "num_sessions": 5,
  "stages": {
    "wake_to_record": {
      "count": 15,
      "samples": [
        10.800316453822804,
        13.972881102457029,
        13.422421085773923,
        13.845495567832867,
        14.47765745598793,
        12.187402801911889,
        11.558471091733793,
        9.7205453445094,
        9.437929930508806,
        12.234322791417112,
        10.543989044764485,
        13.416867802667564,
        13.499331099632533,
        12.34265722932155,
        8.98413622815844
      ],
      "min_ms": 8.98413622815844,
      "max_ms": 14.47765745598793,
      "avg_ms": 12.029628335366676,
      "median_ms": 12.234322791417112
    },
    "recording": {
      "count": 15,
      "samples": [
        49.20458703850356,
        49.21881822214597,
        51.97003143223841,
        51.58351641742907,
        51.189651974573444,
        50.916172669789596,
        48.57453747233871,
        51.25695212049623,
        50.87224176216671,
        49.185902535871314,
        49.31577150254611,
        50.85018617258534,
        49.924037159243426,
        49.0538468448884,
        51.116565983270704
      ],
      "min_ms": 48.57453747233871,
      "max_ms": 51.97003143223841,
      "avg_ms": 50.28218795387247,
      "median_ms": 50.85018617258534
    },
    "stt": {
      "count": 15,
      "samples": [
        105.21745894152626,
        96.24391284318314,
        99.39480508351937,
        100.4240388663996,
        99.33479600620494,
        102.87064287465749,
        105.95375181217943,
        109.5858121831805,
        98.10237731218504,
        106.59067338445486,
        98.30260149547732,
        107.27962224170415,
        102.92692033192532,
        105.77492353553183,
        98.9752713919231
      ],
      "min_ms": 96.24391284318314,
      "max_ms": 109.5858121831805,
      "avg_ms": 102.46517388693681,
      "median_ms": 102.87064287465749
    },
    "parsing": {
      "count": 15,
      "samples": [
        11.03427883203183,
        9.359680175292768,
        8.953775130792282,
        10.991796327695079,
        9.269616440226237,
        8.817079204845394,
        10.846891487905623,
        9.433422639952692,
        10.411834428942061,
        10.912245652571304,
        11.537481680228531,
        11.611867508884357,
        9.207944324437396,
        11.17199826765078,
        10.026115758079259
      ],
      "min_ms": 8.817079204845394,
      "max_ms": 11.611867508884357,
      "avg_ms": 10.239068523969042,
      "median_ms": 10.411834428942061
    },
    "llm": {
      "count": 15,
      "samples": [
        181.04618700075147,
        212.91975114252295,
        223.91646590434289,
        241.95724111930178,
        212.8316122816314,
        228.40092571185482,
        239.79330904771626,
        184.34737176777907,
        203.55365895621995,
        226.73614432853225,
        182.17223065503057,
        181.245244831448,
        196.81127077082658,
        212.73928183558235,
        230.57598756204834
      ],
      "min_ms": 181.04618700075147,
      "max_ms": 241.95724111930178,
      "avg_ms": 210.60311219437259,
      "median_ms": 212.8316122816314
    },
    "tts": {
      "count": 15,
      "samples": [
        57.009993562742395,
        49.568145892735274,
        55.176924130716756,
        57.629372886157164,
        45.77569390762922,
        53.13382763647556,
        56.237481892708175,
        59.58531080120092,
        51.584236764544684,
        45.144730553814455,
        59.26668268511552,
        47.66086574648984,
        55.96211085811208,
        47.42385041919785,
        47.3894343659966
      ],
      "min_ms": 45.144730553814455,
      "max_ms": 59.58531080120092,
      "avg_ms": 52.5699108069091,
      "median_ms": 53.13382763647556
    },
    "total": {
      "count": 15,
      "samples": [
        414.3128218293784,
        431.28318937833717,
        452.83442276738367,
        476.4314611848156,
        432.87902806625317,
        456.3260508995347,
        472.96444280458195,
        423.92941485711884,
        423.9622791545672,
        450.8040192466613,
        411.1387570631626,
        412.06465430377926,
        428.33161454417734,
        438.50655813217276,
        447.06751128947644
      ],
      "min_ms": 411.1387570631626,
      "max_ms": 476.4314611848156,
      "avg_ms": 438.18908170142663,
      "median_ms": 432.87902806625317
    }
  }
}